               epoch,      train/box_loss,      train/obj_loss,      train/cls_loss,   metrics/precision,      metrics/recall,     metrics/mAP_0.5,metrics/mAP_0.5:0.95,        val/box_loss,        val/obj_loss,        val/cls_loss,               x/lr0,               x/lr1,               x/lr2
                   0,            0.096191,             0.10153,                   0,             0.66172,             0.54843,             0.59606,             0.18004,            0.060829,             0.10324,                   0,           0.0033183,           0.0033183,            0.070136
                   1,            0.070222,            0.099055,                   0,             0.73573,             0.69476,             0.74976,             0.27704,            0.052626,            0.096858,                   0,           0.0066296,           0.0066296,            0.040114
                   2,            0.062788,             0.10065,                   0,             0.72259,              0.6904,              0.6753,              0.2417,            0.052261,             0.10553,                   0,            0.009919,            0.009919,             0.01007
                   3,            0.055078,            0.095696,                   0,             0.89781,             0.81905,             0.88436,             0.40706,            0.045037,            0.094394,                   0,            0.009901,            0.009901,            0.009901
                   4,            0.049578,            0.093916,                   0,             0.91265,             0.82228,             0.89315,             0.42539,            0.043851,            0.092578,                   0,            0.009901,            0.009901,            0.009901
                   5,            0.047874,            0.091545,                   0,              0.9092,             0.83536,             0.89167,             0.42412,            0.044193,            0.092403,                   0,            0.009868,            0.009868,            0.009868
                   6,            0.047111,            0.091405,                   0,             0.90986,             0.85206,             0.90862,             0.42969,            0.043447,            0.092934,                   0,            0.009835,            0.009835,            0.009835
                   7,            0.046193,            0.090302,                   0,             0.92211,             0.85293,              0.9109,             0.44985,            0.042176,             0.09113,                   0,            0.009802,            0.009802,            0.009802
                   8,            0.045424,            0.090593,                   0,             0.91858,             0.85831,              0.9131,             0.45151,            0.041745,            0.091254,                   0,            0.009769,            0.009769,            0.009769
                   9,            0.044973,            0.089165,                   0,             0.92251,             0.86576,             0.91884,             0.45765,            0.041587,            0.091151,                   0,            0.009736,            0.009736,            0.009736
                  10,            0.045011,            0.091021,                   0,             0.91714,             0.87294,             0.92221,             0.44876,            0.042213,            0.091256,                   0,            0.009703,            0.009703,            0.009703
                  11,            0.044256,            0.090155,                   0,             0.92808,             0.86607,             0.92337,             0.45676,            0.041474,            0.090621,                   0,             0.00967,             0.00967,             0.00967
                  12,            0.044085,            0.087969,                   0,             0.92882,             0.86919,             0.92401,             0.46623,            0.040988,            0.090518,                   0,            0.009637,            0.009637,            0.009637
                  13,             0.04355,             0.08718,                   0,             0.92553,              0.8761,             0.92658,             0.46275,            0.041344,            0.090712,                   0,            0.009604,            0.009604,            0.009604
                  14,            0.043539,             0.08776,                   0,             0.92546,             0.87638,             0.92507,             0.46585,            0.041193,            0.090493,                   0,            0.009571,            0.009571,            0.009571
                  15,            0.043509,            0.089201,                   0,             0.92449,              0.8789,             0.92559,             0.46828,            0.040978,            0.090499,                   0,            0.009538,            0.009538,            0.009538
                  16,            0.043644,            0.089804,                   0,             0.92733,             0.87223,             0.92431,             0.46763,            0.041146,            0.090604,                   0,            0.009505,            0.009505,            0.009505
                  17,            0.043206,            0.088953,                   0,             0.93526,             0.87267,             0.92786,              0.4696,            0.040929,            0.090486,                   0,            0.009472,            0.009472,            0.009472
                  18,            0.042981,            0.086927,                   0,              0.9264,             0.88498,             0.93044,             0.47461,            0.040528,            0.089971,                   0,            0.009439,            0.009439,            0.009439
                  19,             0.04289,            0.088012,                   0,              0.9334,             0.87526,             0.93016,             0.47272,            0.040561,            0.090041,                   0,            0.009406,            0.009406,            0.009406
                  20,            0.042817,            0.088697,                   0,             0.92949,             0.88212,             0.93058,             0.47335,            0.040501,            0.089965,                   0,            0.009373,            0.009373,            0.009373
                  21,             0.04275,            0.087131,                   0,             0.93223,             0.87986,              0.9289,             0.47585,            0.040451,            0.090217,                   0,             0.00934,             0.00934,             0.00934
                  22,            0.042837,            0.087229,                   0,             0.93387,             0.88115,             0.93274,             0.47922,            0.040364,            0.089938,                   0,            0.009307,            0.009307,            0.009307
                  23,            0.042634,            0.087132,                   0,             0.93139,             0.88044,             0.93114,             0.47592,            0.040712,             0.09029,                   0,            0.009274,            0.009274,            0.009274
                  24,            0.042475,            0.088579,                   0,             0.93429,             0.88494,             0.93293,             0.47865,            0.040362,            0.089815,                   0,            0.009241,            0.009241,            0.009241
                  25,            0.042261,            0.087884,                   0,             0.92921,             0.88721,             0.93465,              0.4775,            0.040268,            0.089554,                   0,            0.009208,            0.009208,            0.009208
                  26,            0.042515,            0.088199,                   0,             0.92813,             0.89021,             0.93317,             0.47941,            0.040176,             0.08958,                   0,            0.009175,            0.009175,            0.009175
                  27,            0.042208,            0.086822,                   0,             0.93602,             0.87855,             0.93306,             0.47966,            0.040357,            0.090128,                   0,            0.009142,            0.009142,            0.009142
                  28,            0.041912,            0.085779,                   0,             0.92928,             0.88877,             0.93234,             0.48201,            0.040215,            0.089959,                   0,            0.009109,            0.009109,            0.009109
                  29,            0.041718,            0.086364,                   0,             0.92623,             0.89306,             0.93314,             0.47805,            0.040272,            0.089893,                   0,            0.009076,            0.009076,            0.009076
                  30,            0.041431,            0.085363,                   0,             0.93231,             0.88369,             0.93358,             0.48275,            0.040154,            0.090017,                   0,            0.009043,            0.009043,            0.009043
                  31,            0.041975,            0.085442,                   0,             0.93087,             0.89092,             0.93602,             0.48214,            0.040216,            0.089738,                   0,             0.00901,             0.00901,             0.00901
                  32,            0.041568,            0.087106,                   0,             0.93221,             0.89061,             0.93408,             0.47984,            0.040158,            0.090013,                   0,            0.008977,            0.008977,            0.008977
                  33,            0.041393,            0.086254,                   0,             0.93049,             0.89449,              0.9376,             0.48192,            0.040225,            0.089862,                   0,            0.008944,            0.008944,            0.008944
                  34,            0.041823,             0.08529,                   0,             0.93193,             0.88926,             0.93485,             0.48377,             0.04003,            0.089594,                   0,            0.008911,            0.008911,            0.008911
                  35,            0.041643,            0.086464,                   0,             0.92996,             0.89346,              0.9357,              0.4847,            0.039999,            0.089736,                   0,            0.008878,            0.008878,            0.008878
                  36,             0.04173,            0.085483,                   0,             0.93262,             0.88708,             0.93376,             0.48144,            0.040208,            0.090834,                   0,            0.008845,            0.008845,            0.008845
                  37,            0.041432,            0.085252,                   0,             0.93271,             0.89115,             0.93649,             0.48654,             0.03998,            0.090119,                   0,            0.008812,            0.008812,            0.008812
                  38,            0.041338,            0.086183,                   0,             0.93389,             0.88726,              0.9364,             0.48808,            0.040046,            0.089945,                   0,            0.008779,            0.008779,            0.008779
                  39,            0.041128,            0.086287,                   0,             0.93491,             0.89587,             0.93814,              0.4848,            0.039945,            0.089686,                   0,            0.008746,            0.008746,            0.008746
                  40,            0.041213,            0.086522,                   0,              0.9361,             0.89431,             0.93894,             0.48598,            0.040121,            0.089738,                   0,            0.008713,            0.008713,            0.008713
                  41,            0.041421,             0.08546,                   0,             0.93193,             0.89174,             0.93744,             0.48931,            0.039797,            0.089723,                   0,             0.00868,             0.00868,             0.00868
                  42,            0.041078,            0.084655,                   0,             0.92757,             0.89414,             0.93754,             0.48691,            0.040002,            0.090177,                   0,            0.008647,            0.008647,            0.008647
                  43,            0.041147,            0.084977,                   0,             0.93646,              0.8857,             0.93425,             0.48565,            0.040108,             0.09015,                   0,            0.008614,            0.008614,            0.008614
                  44,            0.040872,            0.085381,                   0,             0.93301,              0.8899,             0.93486,             0.48457,            0.040079,              0.0901,                   0,            0.008581,            0.008581,            0.008581
                  45,            0.040872,            0.086136,                   0,             0.93716,              0.8916,             0.93762,             0.48726,            0.039937,            0.090133,                   0,            0.008548,            0.008548,            0.008548
                  46,            0.040814,            0.085176,                   0,             0.93704,             0.89288,             0.93825,             0.48785,            0.039872,            0.089788,                   0,            0.008515,            0.008515,            0.008515
                  47,            0.040632,            0.084255,                   0,             0.93391,             0.89586,             0.93873,             0.48984,            0.039823,            0.090042,                   0,            0.008482,            0.008482,            0.008482
                  48,            0.041003,            0.085815,                   0,             0.93782,             0.89289,               0.938,             0.48757,            0.039901,            0.089928,                   0,            0.008449,            0.008449,            0.008449
                  49,            0.040482,            0.084498,                   0,             0.93806,             0.89449,             0.93826,             0.48777,            0.039959,             0.09006,                   0,            0.008416,            0.008416,            0.008416
                  50,            0.040684,            0.084624,                   0,             0.93305,             0.89766,             0.93856,             0.48942,            0.039763,            0.090121,                   0,            0.008383,            0.008383,            0.008383
                  51,             0.04083,            0.084287,                   0,             0.93661,             0.89538,             0.94014,             0.48903,            0.039847,            0.089453,                   0,             0.00835,             0.00835,             0.00835
                  52,            0.040643,            0.086723,                   0,             0.93642,             0.89498,             0.94062,             0.48865,            0.040047,            0.090672,                   0,            0.008317,            0.008317,            0.008317
                  53,            0.040729,            0.085379,                   0,              0.9348,              0.8965,             0.93964,             0.48987,            0.039811,            0.090145,                   0,            0.008284,            0.008284,            0.008284
                  54,            0.040371,            0.083563,                   0,             0.93704,             0.89438,             0.93809,             0.49025,            0.039794,            0.089989,                   0,            0.008251,            0.008251,            0.008251
                  55,            0.040534,            0.084106,                   0,             0.93817,             0.89618,             0.94115,             0.49136,            0.039653,            0.089781,                   0,            0.008218,            0.008218,            0.008218
                  56,             0.04031,            0.084857,                   0,             0.93596,             0.89511,             0.93877,             0.48929,             0.03978,            0.089923,                   0,            0.008185,            0.008185,            0.008185
                  57,            0.040377,            0.085211,                   0,             0.93626,             0.89627,             0.94101,              0.4902,             0.03985,            0.090032,                   0,            0.008152,            0.008152,            0.008152
                  58,            0.040242,            0.084748,                   0,             0.93462,             0.89917,              0.9399,             0.49077,             0.03979,            0.090553,                   0,            0.008119,            0.008119,            0.008119
                  59,            0.039922,            0.083324,                   0,             0.93859,             0.89523,             0.93987,             0.49137,             0.03986,            0.089849,                   0,            0.008086,            0.008086,            0.008086
                  60,            0.040343,            0.084144,                   0,             0.93685,             0.89542,             0.93803,             0.48846,            0.039865,            0.090117,                   0,            0.008053,            0.008053,            0.008053
                  61,            0.040033,            0.083219,                   0,             0.93657,             0.89413,             0.93843,             0.49082,            0.039799,            0.090431,                   0,             0.00802,             0.00802,             0.00802
                  62,            0.040365,            0.084554,                   0,             0.93497,             0.89859,             0.93754,             0.49015,            0.039742,            0.089874,                   0,            0.007987,            0.007987,            0.007987
                  63,            0.040069,             0.08354,                   0,             0.93478,             0.89782,             0.94005,             0.49052,            0.039894,            0.090286,                   0,            0.007954,            0.007954,            0.007954
                  64,             0.03986,            0.082874,                   0,             0.93907,             0.89244,             0.93966,             0.49023,            0.039834,            0.090177,                   0,            0.007921,            0.007921,            0.007921
                  65,            0.040048,            0.084557,                   0,             0.93643,             0.89644,             0.93952,             0.49126,            0.039837,            0.090318,                   0,            0.007888,            0.007888,            0.007888
                  66,            0.040147,            0.083306,                   0,             0.93824,             0.89494,             0.93901,             0.49287,            0.039662,            0.089738,                   0,            0.007855,            0.007855,            0.007855
                  67,            0.040069,            0.083616,                   0,             0.93877,              0.8969,             0.94108,             0.49128,            0.039925,            0.090483,                   0,            0.007822,            0.007822,            0.007822
                  68,            0.039895,            0.084079,                   0,             0.93949,             0.89709,             0.94059,             0.49204,             0.03967,            0.090184,                   0,            0.007789,            0.007789,            0.007789
                  69,            0.040112,            0.084437,                   0,             0.93826,             0.89659,             0.94087,              0.4924,            0.039882,            0.090361,                   0,            0.007756,            0.007756,            0.007756
                  70,            0.039873,            0.082421,                   0,             0.93319,             0.90506,             0.94309,             0.49469,            0.039683,            0.090476,                   0,            0.007723,            0.007723,            0.007723
                  71,            0.039443,            0.081323,                   0,             0.93425,             0.90132,             0.94191,             0.49244,              0.0399,            0.090373,                   0,             0.00769,             0.00769,             0.00769
                  72,              0.0395,             0.08146,                   0,             0.93863,             0.89722,             0.93903,             0.49258,            0.039806,            0.090674,                   0,            0.007657,            0.007657,            0.007657
                  73,            0.039576,            0.082468,                   0,             0.93569,             0.89757,             0.94081,             0.49113,            0.039803,            0.090708,                   0,            0.007624,            0.007624,            0.007624
                  74,            0.039967,            0.082771,                   0,             0.94207,             0.89601,             0.94083,             0.49317,            0.039779,             0.09027,                   0,            0.007591,            0.007591,            0.007591
                  75,            0.039401,             0.08131,                   0,             0.93991,             0.88701,             0.93134,             0.48745,            0.039883,            0.090398,                   0,            0.007558,            0.007558,            0.007558
                  76,            0.039654,             0.08268,                   0,              0.9374,             0.89958,             0.94037,             0.49114,            0.039714,            0.090307,                   0,            0.007525,            0.007525,            0.007525
                  77,            0.039376,            0.081908,                   0,             0.93855,             0.89306,             0.93427,             0.48871,            0.039904,            0.090859,                   0,            0.007492,            0.007492,            0.007492
                  78,            0.039635,            0.084019,                   0,             0.93654,             0.79581,             0.84483,             0.44648,            0.039721,            0.090433,                   0,            0.007459,            0.007459,            0.007459
                  79,            0.039452,            0.083108,                   0,             0.93542,             0.82837,             0.87628,             0.46317,            0.039796,            0.090434,                   0,            0.007426,            0.007426,            0.007426
                  80,            0.039512,            0.082235,                   0,             0.93863,             0.86103,             0.90933,             0.47712,            0.039963,            0.090847,                   0,            0.007393,            0.007393,            0.007393
                  81,             0.03929,            0.081898,                   0,             0.93788,             0.83324,             0.88388,             0.46554,            0.039705,            0.090667,                   0,             0.00736,             0.00736,             0.00736
                  82,            0.039105,            0.080901,                   0,             0.93797,             0.79129,             0.84648,             0.44629,            0.039927,            0.090835,                   0,            0.007327,            0.007327,            0.007327
                  83,            0.039253,            0.082445,                   0,             0.93203,             0.86982,             0.91319,             0.47617,            0.039988,            0.091396,                   0,            0.007294,            0.007294,            0.007294
                  84,            0.039345,             0.08319,                   0,              0.9355,             0.89295,             0.93303,             0.48631,            0.039844,            0.091283,                   0,            0.007261,            0.007261,            0.007261
                  85,              0.0391,            0.082094,                   0,             0.93989,             0.88811,             0.93132,             0.48893,             0.03975,            0.091265,                   0,            0.007228,            0.007228,            0.007228
                  86,            0.039318,            0.082532,                   0,             0.94014,              0.8815,             0.92713,             0.48747,            0.039665,            0.090651,                   0,            0.007195,            0.007195,            0.007195
                  87,            0.039132,            0.082292,                   0,             0.93651,             0.89762,              0.9391,             0.49303,            0.039762,            0.090756,                   0,            0.007162,            0.007162,            0.007162
                  88,            0.038787,             0.08187,                   0,             0.94098,             0.84497,             0.89526,             0.46997,            0.039869,            0.091257,                   0,            0.007129,            0.007129,            0.007129
                  89,            0.038807,            0.082078,                   0,             0.93456,             0.89128,             0.92963,             0.48768,             0.03985,            0.090925,                   0,            0.007096,            0.007096,            0.007096
                  90,            0.038946,            0.082134,                   0,             0.93515,             0.90337,             0.94213,             0.49298,            0.039834,            0.091387,                   0,            0.007063,            0.007063,            0.007063
                  91,            0.038878,            0.080496,                   0,             0.93687,             0.90433,             0.94399,             0.49539,            0.039948,            0.091519,                   0,             0.00703,             0.00703,             0.00703
                  92,            0.039178,            0.083178,                   0,             0.94082,             0.90087,              0.9424,             0.49474,            0.039861,            0.090903,                   0,            0.006997,            0.006997,            0.006997
                  93,            0.038778,            0.080297,                   0,             0.93859,             0.90301,             0.94308,             0.49561,            0.039635,            0.090812,                   0,            0.006964,            0.006964,            0.006964
                  94,            0.038926,            0.081301,                   0,             0.93969,             0.90114,             0.94359,             0.49506,            0.039549,            0.090698,                   0,            0.006931,            0.006931,            0.006931
                  95,            0.038861,             0.08275,                   0,             0.93753,             0.90185,             0.94251,             0.49497,            0.039648,            0.091164,                   0,            0.006898,            0.006898,            0.006898
                  96,            0.038705,            0.080886,                   0,             0.94223,             0.89862,             0.94418,              0.4959,            0.039524,             0.09098,                   0,            0.006865,            0.006865,            0.006865
                  97,            0.038905,            0.082068,                   0,             0.93901,             0.87504,             0.91985,             0.48499,             0.03959,            0.090877,                   0,            0.006832,            0.006832,            0.006832
                  98,            0.038553,            0.081856,                   0,             0.93673,             0.85469,             0.90086,             0.47609,            0.039606,            0.090709,                   0,            0.006799,            0.006799,            0.006799
                  99,            0.038753,             0.08308,                   0,             0.93619,             0.89779,             0.93829,             0.49392,             0.03963,             0.09115,                   0,            0.006766,            0.006766,            0.006766
                 100,            0.038758,            0.079801,                   0,             0.93666,             0.88352,             0.92357,             0.48567,             0.03971,            0.090964,                   0,            0.006733,            0.006733,            0.006733
                 101,            0.038664,            0.082028,                   0,             0.93578,             0.89137,             0.93184,             0.48952,            0.039721,            0.091015,                   0,              0.0067,              0.0067,              0.0067
                 102,            0.038411,            0.080404,                   0,             0.93779,             0.89284,             0.93285,             0.48833,            0.039842,            0.091225,                   0,            0.006667,            0.006667,            0.006667
                 103,            0.038747,            0.081143,                   0,             0.93778,             0.90042,             0.94215,              0.4951,            0.039779,            0.091321,                   0,            0.006634,            0.006634,            0.006634
                 104,            0.038431,             0.08092,                   0,             0.94107,             0.90087,             0.94332,             0.49554,            0.039793,            0.090948,                   0,            0.006601,            0.006601,            0.006601
                 105,             0.03846,            0.081024,                   0,             0.93784,             0.89522,             0.93599,             0.49133,            0.039928,            0.091189,                   0,            0.006568,            0.006568,            0.006568
                 106,             0.03837,            0.080926,                   0,             0.93596,             0.90426,             0.94319,             0.49521,            0.039789,            0.091126,                   0,            0.006535,            0.006535,            0.006535
                 107,            0.038574,            0.080362,                   0,             0.93743,               0.903,             0.94243,             0.49524,            0.039921,            0.090913,                   0,            0.006502,            0.006502,            0.006502
                 108,            0.038695,            0.081118,                   0,             0.93686,             0.90226,             0.94073,             0.49498,            0.039785,            0.091278,                   0,            0.006469,            0.006469,            0.006469
                 109,            0.038471,            0.081275,                   0,             0.93912,             0.90158,             0.94186,             0.49606,            0.039719,            0.091338,                   0,            0.006436,            0.006436,            0.006436
                 110,            0.038413,            0.080436,                   0,              0.9396,             0.90288,             0.94194,             0.49519,            0.039658,            0.091314,                   0,            0.006403,            0.006403,            0.006403
                 111,             0.03814,            0.080003,                   0,             0.93852,             0.90306,             0.94089,             0.49455,            0.039832,            0.091772,                   0,             0.00637,             0.00637,             0.00637
                 112,            0.038101,            0.080214,                   0,             0.93704,             0.90567,             0.94393,             0.49589,            0.039668,            0.091527,                   0,            0.006337,            0.006337,            0.006337
                 113,            0.038535,            0.080962,                   0,             0.93469,             0.90778,             0.94244,             0.49556,            0.039606,            0.091263,                   0,            0.006304,            0.006304,            0.006304
                 114,            0.038137,             0.08044,                   0,             0.93423,             0.90746,              0.9434,             0.49635,            0.039632,            0.091138,                   0,            0.006271,            0.006271,            0.006271
                 115,            0.038161,            0.081014,                   0,             0.94142,             0.90181,             0.94279,             0.49586,            0.039678,            0.091228,                   0,            0.006238,            0.006238,            0.006238
                 116,            0.037989,            0.078817,                   0,             0.94031,             0.90243,             0.94241,              0.4966,            0.039651,            0.091532,                   0,            0.006205,            0.006205,            0.006205
                 117,            0.038158,            0.080344,                   0,             0.93731,             0.90332,             0.94161,             0.49615,            0.039619,            0.091465,                   0,            0.006172,            0.006172,            0.006172
                 118,            0.038177,            0.079704,                   0,             0.94293,             0.90154,             0.94401,             0.49748,            0.039627,            0.091486,                   0,            0.006139,            0.006139,            0.006139
                 119,            0.037916,            0.080204,                   0,             0.93993,              0.9056,             0.94306,              0.4984,             0.03954,            0.091385,                   0,            0.006106,            0.006106,            0.006106
                 120,            0.038019,            0.080118,                   0,             0.93605,             0.90701,             0.94206,             0.49703,            0.039554,            0.091282,                   0,            0.006073,            0.006073,            0.006073
                 121,            0.037945,            0.081058,                   0,             0.93743,             0.90529,             0.94298,             0.49568,            0.039643,            0.091452,                   0,             0.00604,             0.00604,             0.00604
                 122,            0.037718,            0.080116,                   0,             0.93767,             0.90698,             0.94348,             0.49581,            0.039547,            0.091734,                   0,            0.006007,            0.006007,            0.006007
                 123,            0.038014,            0.079731,                   0,             0.93678,             0.90826,             0.94373,             0.49497,            0.039514,            0.091568,                   0,            0.005974,            0.005974,            0.005974
                 124,            0.037944,            0.080839,                   0,             0.93688,             0.90786,             0.94487,             0.49619,            0.039554,            0.091816,                   0,            0.005941,            0.005941,            0.005941
                 125,            0.038048,            0.079471,                   0,             0.93663,              0.9072,             0.94427,             0.49549,            0.039586,            0.091647,                   0,            0.005908,            0.005908,            0.005908
                 126,            0.037831,            0.079479,                   0,             0.93773,             0.90716,             0.94419,             0.49599,            0.039569,            0.091544,                   0,            0.005875,            0.005875,            0.005875
                 127,            0.037592,            0.078848,                   0,             0.93496,             0.90817,             0.94354,             0.49654,            0.039688,             0.09184,                   0,            0.005842,            0.005842,            0.005842
                 128,            0.037697,             0.08048,                   0,             0.93507,             0.90828,             0.94331,             0.49704,            0.039684,             0.09195,                   0,            0.005809,            0.005809,            0.005809
                 129,            0.037645,            0.079602,                   0,             0.93402,             0.91063,             0.94307,             0.49504,            0.039705,            0.091921,                   0,            0.005776,            0.005776,            0.005776
                 130,            0.037668,            0.079156,                   0,             0.93995,             0.90435,             0.94346,             0.49739,            0.039766,            0.091722,                   0,            0.005743,            0.005743,            0.005743
                 131,            0.037634,             0.08029,                   0,             0.93584,              0.9085,             0.94453,             0.49418,             0.03982,            0.091949,                   0,             0.00571,             0.00571,             0.00571
                 132,            0.037697,            0.078692,                   0,             0.93956,             0.90529,             0.94392,             0.49626,            0.039629,            0.092244,                   0,            0.005677,            0.005677,            0.005677
                 133,            0.037488,            0.078531,                   0,             0.93735,             0.90819,             0.94338,             0.49607,            0.039579,            0.091951,                   0,            0.005644,            0.005644,            0.005644
                 134,            0.037563,            0.078307,                   0,             0.94203,             0.90113,             0.94309,             0.49651,            0.039648,            0.092064,                   0,            0.005611,            0.005611,            0.005611
                 135,            0.037563,            0.079521,                   0,             0.93813,             0.90581,             0.94264,              0.4964,            0.039628,            0.092074,                   0,            0.005578,            0.005578,            0.005578
                 136,            0.037581,            0.080219,                   0,             0.93684,             0.90863,             0.94363,             0.49539,            0.039647,            0.092078,                   0,            0.005545,            0.005545,            0.005545
                 137,            0.037654,            0.080841,                   0,             0.94039,             0.90301,             0.94059,             0.49467,            0.039632,            0.092011,                   0,            0.005512,            0.005512,            0.005512
                 138,            0.037551,            0.079652,                   0,             0.93471,             0.88133,             0.92039,             0.48584,            0.039608,            0.091784,                   0,            0.005479,            0.005479,            0.005479
                 139,            0.037175,            0.079099,                   0,             0.94048,             0.90582,             0.94465,             0.49685,            0.039623,            0.092018,                   0,            0.005446,            0.005446,            0.005446
                 140,            0.037407,            0.077644,                   0,             0.93398,             0.70136,             0.76401,             0.41334,            0.039638,            0.092109,                   0,            0.005413,            0.005413,            0.005413
                 141,            0.037185,            0.078234,                   0,             0.94135,             0.90644,             0.94375,             0.49508,            0.039711,             0.09211,                   0,             0.00538,             0.00538,             0.00538
                 142,            0.037219,            0.079363,                   0,             0.93664,              0.9093,             0.94339,             0.49531,            0.039786,            0.092519,                   0,            0.005347,            0.005347,            0.005347
                 143,            0.037237,             0.07933,                   0,             0.93729,             0.90774,             0.94409,             0.49575,            0.039737,            0.092464,                   0,            0.005314,            0.005314,            0.005314
                 144,            0.037227,            0.079215,                   0,             0.93468,             0.91077,             0.94421,             0.49643,             0.03974,            0.092553,                   0,            0.005281,            0.005281,            0.005281
                 145,            0.037446,            0.079307,                   0,             0.93702,             0.90864,             0.94427,             0.49694,            0.039735,            0.092416,                   0,            0.005248,            0.005248,            0.005248
                 146,            0.037276,            0.078941,                   0,             0.93701,             0.90738,              0.9436,             0.49596,             0.03971,            0.092575,                   0,            0.005215,            0.005215,            0.005215
                 147,            0.037241,            0.079308,                   0,             0.93688,              0.9101,             0.94458,             0.49832,            0.039651,            0.092394,                   0,            0.005182,            0.005182,            0.005182
                 148,            0.037257,            0.078256,                   0,             0.93806,             0.90881,              0.9444,              0.4984,             0.03965,            0.092439,                   0,            0.005149,            0.005149,            0.005149
                 149,            0.037148,            0.079141,                   0,             0.93967,             0.90882,             0.94492,             0.49846,            0.039598,            0.092372,                   0,            0.005116,            0.005116,            0.005116
                 150,            0.036959,            0.077123,                   0,             0.93718,             0.91024,             0.94458,             0.49827,            0.039557,            0.092455,                   0,            0.005083,            0.005083,            0.005083
                 151,            0.037085,            0.079079,                   0,             0.94063,             0.90479,             0.94358,             0.49774,            0.039594,             0.09254,                   0,             0.00505,             0.00505,             0.00505
                 152,            0.037013,            0.079023,                   0,             0.93673,             0.90949,             0.94507,             0.49796,            0.039579,            0.092328,                   0,            0.005017,            0.005017,            0.005017
                 153,            0.037067,             0.07862,                   0,             0.93692,              0.9072,             0.94408,             0.49752,            0.039579,            0.092402,                   0,            0.004984,            0.004984,            0.004984
                 154,            0.037007,            0.078227,                   0,             0.93969,             0.90644,             0.94461,             0.49707,            0.039717,            0.092633,                   0,            0.004951,            0.004951,            0.004951
                 155,            0.036797,            0.079871,                   0,             0.93929,             0.90145,             0.93918,             0.49484,            0.039741,            0.092676,                   0,            0.004918,            0.004918,            0.004918
                 156,            0.036816,            0.078311,                   0,             0.93654,             0.90948,             0.94426,              0.4969,            0.039656,            0.092689,                   0,            0.004885,            0.004885,            0.004885
                 157,            0.036841,            0.077826,                   0,             0.93715,             0.91024,             0.94435,             0.49705,            0.039694,            0.092877,                   0,            0.004852,            0.004852,            0.004852
                 158,            0.037087,            0.079367,                   0,             0.93618,             0.91169,              0.9444,             0.49703,            0.039731,            0.092872,                   0,            0.004819,            0.004819,            0.004819
                 159,            0.036626,            0.078347,                   0,             0.93683,             0.91045,             0.94398,             0.49733,            0.039738,             0.09292,                   0,            0.004786,            0.004786,            0.004786
                 160,            0.036653,            0.078432,                   0,             0.93667,             0.91109,             0.94483,             0.49712,            0.039705,            0.093022,                   0,            0.004753,            0.004753,            0.004753
                 161,            0.036745,            0.079861,                   0,             0.93818,             0.91144,             0.94529,             0.49808,            0.039654,            0.092807,                   0,             0.00472,             0.00472,             0.00472
                 162,            0.036812,            0.078438,                   0,             0.93627,             0.91099,             0.94482,              0.4971,             0.03969,            0.092906,                   0,            0.004687,            0.004687,            0.004687
                 163,            0.036565,            0.077826,                   0,             0.94269,             0.90368,               0.945,              0.4978,            0.039702,            0.092673,                   0,            0.004654,            0.004654,            0.004654
                 164,            0.036797,             0.07818,                   0,             0.93668,             0.90619,             0.94154,             0.49588,            0.039761,             0.09277,                   0,            0.004621,            0.004621,            0.004621
                 165,            0.036606,            0.078329,                   0,             0.93823,             0.90538,              0.9429,             0.49667,            0.039787,            0.092939,                   0,            0.004588,            0.004588,            0.004588
                 166,            0.036826,             0.07827,                   0,             0.93517,                0.91,             0.94376,             0.49756,            0.039743,            0.093074,                   0,            0.004555,            0.004555,            0.004555
                 167,            0.036576,            0.078178,                   0,             0.93683,              0.8696,             0.90938,             0.48101,             0.03973,            0.093161,                   0,            0.004522,            0.004522,            0.004522
                 168,            0.036735,            0.077819,                   0,             0.93715,             0.90998,             0.94431,             0.49677,            0.039718,            0.093129,                   0,            0.004489,            0.004489,            0.004489
                 169,            0.036281,            0.076743,                   0,             0.93773,             0.90836,             0.94416,             0.49626,            0.039737,            0.093236,                   0,            0.004456,            0.004456,            0.004456
                 170,            0.036283,            0.078357,                   0,             0.93948,             0.90591,             0.94374,             0.49653,            0.039745,            0.093273,                   0,            0.004423,            0.004423,            0.004423
                 171,            0.036299,            0.078424,                   0,             0.93672,             0.91009,             0.94435,              0.4971,            0.039738,             0.09331,                   0,             0.00439,             0.00439,             0.00439
                 172,             0.03642,            0.077358,                   0,             0.93293,             0.83586,             0.88058,             0.46701,            0.039767,            0.093372,                   0,            0.004357,            0.004357,            0.004357
                 173,            0.036331,            0.076251,                   0,             0.93813,             0.89583,             0.93283,             0.49032,            0.039788,            0.093441,                   0,            0.004324,            0.004324,            0.004324
                 174,            0.036567,            0.077678,                   0,             0.93852,             0.90774,             0.94373,             0.49656,            0.039757,            0.093273,                   0,            0.004291,            0.004291,            0.004291
                 175,              0.0365,            0.078887,                   0,             0.93764,             0.90886,             0.94407,             0.49597,            0.039789,            0.093365,                   0,            0.004258,            0.004258,            0.004258
                 176,            0.036242,            0.077407,                   0,             0.93941,             0.90819,             0.94399,             0.49613,            0.039881,            0.093364,                   0,            0.004225,            0.004225,            0.004225
                 177,            0.036335,            0.078481,                   0,             0.93882,             0.90908,             0.94395,             0.49608,            0.039862,            0.093332,                   0,            0.004192,            0.004192,            0.004192
                 178,             0.03612,            0.078444,                   0,             0.93785,             0.91079,             0.94432,              0.4959,            0.039887,            0.093381,                   0,            0.004159,            0.004159,            0.004159
                 179,            0.036172,            0.077036,                   0,             0.93893,             0.91042,             0.94448,             0.49586,             0.03986,            0.093407,                   0,            0.004126,            0.004126,            0.004126
                 180,            0.036083,            0.077908,                   0,              0.9408,             0.90752,              0.9436,             0.49618,            0.039853,            0.093525,                   0,            0.004093,            0.004093,            0.004093
                 181,            0.036461,            0.077604,                   0,             0.93731,             0.91056,             0.94392,             0.49615,            0.039832,            0.093501,                   0,             0.00406,             0.00406,             0.00406
                 182,            0.036122,            0.077221,                   0,             0.94118,             0.90582,             0.94381,             0.49639,            0.039849,            0.093584,                   0,            0.004027,            0.004027,            0.004027
                 183,            0.035919,            0.076071,                   0,             0.93603,             0.91171,             0.94407,             0.49606,            0.039879,            0.093649,                   0,            0.003994,            0.003994,            0.003994
                 184,            0.036166,            0.075941,                   0,             0.93859,              0.9089,             0.94447,             0.49652,            0.039886,            0.093628,                   0,            0.003961,            0.003961,            0.003961
                 185,            0.035895,            0.075977,                   0,             0.93576,              0.9111,             0.94407,             0.49688,            0.039901,            0.093584,                   0,            0.003928,            0.003928,            0.003928
                 186,            0.035904,            0.076788,                   0,             0.93644,              0.9103,             0.94351,             0.49697,             0.03987,            0.093613,                   0,            0.003895,            0.003895,            0.003895
                 187,            0.036005,            0.077898,                   0,             0.93499,             0.91162,             0.94354,             0.49714,            0.039839,            0.093624,                   0,            0.003862,            0.003862,            0.003862
                 188,            0.035949,            0.077298,                   0,             0.93399,             0.91148,              0.9432,             0.49716,            0.039806,            0.093716,                   0,            0.003829,            0.003829,            0.003829
                 189,            0.035558,            0.075477,                   0,             0.93476,              0.9114,             0.94369,             0.49653,             0.03979,            0.093745,                   0,            0.003796,            0.003796,            0.003796
                 190,            0.036037,            0.077102,                   0,             0.93665,             0.90988,             0.94364,             0.49633,            0.039784,            0.093699,                   0,            0.003763,            0.003763,            0.003763
                 191,            0.035822,             0.07532,                   0,             0.93661,             0.90984,             0.94391,             0.49658,            0.039815,            0.093764,                   0,             0.00373,             0.00373,             0.00373
                 192,            0.035714,            0.076218,                   0,             0.93694,             0.91012,             0.94448,             0.49654,            0.039783,            0.093803,                   0,            0.003697,            0.003697,            0.003697
                 193,            0.035812,            0.077661,                   0,             0.93623,             0.91049,             0.94433,             0.49653,            0.039779,            0.093897,                   0,            0.003664,            0.003664,            0.003664
                 194,            0.035929,            0.076778,                   0,             0.93643,             0.91022,              0.9445,             0.49659,            0.039735,            0.093895,                   0,            0.003631,            0.003631,            0.003631
                 195,            0.035901,            0.077092,                   0,             0.93579,             0.90993,               0.944,             0.49652,             0.03978,            0.093939,                   0,            0.003598,            0.003598,            0.003598
                 196,            0.035504,            0.074405,                   0,             0.94286,             0.90392,             0.94417,             0.49639,            0.039741,            0.093981,                   0,            0.003565,            0.003565,            0.003565
                 197,            0.035505,            0.075029,                   0,             0.93605,             0.91034,             0.94415,              0.4964,            0.039752,            0.093969,                   0,            0.003532,            0.003532,            0.003532
                 198,            0.035832,            0.077365,                   0,             0.93681,             0.91004,             0.94432,             0.49633,            0.039769,            0.093989,                   0,            0.003499,            0.003499,            0.003499
                 199,            0.035691,            0.076214,                   0,             0.93369,               0.913,             0.94431,             0.49577,             0.03979,            0.094081,                   0,            0.003466,            0.003466,            0.003466
                 200,            0.035487,             0.07551,                   0,              0.9379,             0.90908,             0.94412,             0.49542,            0.039798,            0.094139,                   0,            0.003433,            0.003433,            0.003433
                 201,            0.035733,            0.076813,                   0,             0.93867,             0.90752,             0.94406,              0.4955,            0.039798,            0.094185,                   0,              0.0034,              0.0034,              0.0034
                 202,            0.035497,            0.076369,                   0,             0.93559,             0.91109,             0.94428,             0.49561,            0.039852,            0.094298,                   0,            0.003367,            0.003367,            0.003367
                 203,            0.035244,            0.074259,                   0,             0.93714,             0.90985,             0.94436,             0.49583,            0.039916,            0.094319,                   0,            0.003334,            0.003334,            0.003334
                 204,            0.035217,            0.075406,                   0,             0.93699,             0.90917,             0.94435,             0.49597,            0.039934,            0.094392,                   0,            0.003301,            0.003301,            0.003301
                 205,            0.035719,            0.076451,                   0,             0.93601,             0.91006,             0.94451,             0.49616,             0.03993,            0.094425,                   0,            0.003268,            0.003268,            0.003268
                 206,            0.035456,            0.075635,                   0,              0.9372,             0.90954,             0.94426,             0.49581,            0.039942,            0.094487,                   0,            0.003235,            0.003235,            0.003235
                 207,            0.035367,            0.075082,                   0,             0.93729,             0.90908,             0.94422,             0.49553,            0.039959,            0.094545,                   0,            0.003202,            0.003202,            0.003202
                 208,            0.035205,            0.077007,                   0,             0.93765,             0.90847,             0.94398,             0.49573,             0.03996,            0.094591,                   0,            0.003169,            0.003169,            0.003169
                 209,            0.035203,             0.07642,                   0,             0.93654,             0.90923,             0.94459,             0.49601,            0.039951,            0.094677,                   0,            0.003136,            0.003136,            0.003136
                 210,            0.035213,            0.075114,                   0,             0.93772,             0.90828,             0.94385,             0.49603,            0.039935,            0.094694,                   0,            0.003103,            0.003103,            0.003103
                 211,            0.035257,            0.075318,                   0,             0.93557,             0.91076,             0.94413,             0.49611,            0.039942,            0.094761,                   0,             0.00307,             0.00307,             0.00307
                 212,            0.035331,            0.075375,                   0,             0.93474,             0.91126,             0.94391,             0.49593,            0.039937,            0.094836,                   0,            0.003037,            0.003037,            0.003037
                 213,            0.035318,            0.076369,                   0,             0.93573,             0.90988,             0.94423,             0.49617,            0.039945,             0.09492,                   0,            0.003004,            0.003004,            0.003004
                 214,            0.035356,            0.076439,                   0,             0.93519,             0.91082,             0.94433,             0.49594,            0.039944,            0.094989,                   0,            0.002971,            0.002971,            0.002971
                 215,            0.034939,            0.076407,                   0,             0.93515,             0.91086,             0.94448,             0.49561,             0.03995,            0.095021,                   0,            0.002938,            0.002938,            0.002938
                 216,            0.035235,            0.075766,                   0,             0.93569,             0.91142,              0.9449,             0.49556,            0.039946,            0.095069,                   0,            0.002905,            0.002905,            0.002905
                 217,            0.034876,            0.074499,                   0,             0.93559,             0.91095,              0.9444,             0.49585,            0.039956,            0.095149,                   0,            0.002872,            0.002872,            0.002872
                 218,            0.034928,            0.073928,                   0,             0.93677,             0.91021,             0.94423,             0.49522,            0.039955,            0.095183,                   0,            0.002839,            0.002839,            0.002839
                 219,            0.035052,            0.076546,                   0,             0.93746,             0.91012,             0.94444,             0.49553,            0.039953,            0.095234,                   0,            0.002806,            0.002806,            0.002806
                 220,            0.034858,            0.075818,                   0,             0.93539,              0.9113,              0.9436,             0.49538,            0.039958,            0.095303,                   0,            0.002773,            0.002773,            0.002773
                 221,             0.03473,            0.074238,                   0,             0.93424,             0.91265,             0.94364,             0.49559,            0.039963,            0.095342,                   0,             0.00274,             0.00274,             0.00274
                 222,            0.034939,            0.075548,                   0,             0.93581,             0.91192,             0.94392,             0.49572,            0.039968,            0.095371,                   0,            0.002707,            0.002707,            0.002707
                 223,             0.03483,            0.075663,                   0,             0.93427,             0.91246,             0.94375,             0.49547,            0.039933,            0.095377,                   0,            0.002674,            0.002674,            0.002674
                 224,            0.034812,            0.073976,                   0,             0.93943,             0.90685,             0.94361,             0.49509,            0.039921,            0.095451,                   0,            0.002641,            0.002641,            0.002641
                 225,            0.034935,            0.074671,                   0,             0.93706,             0.90935,             0.94351,             0.49517,            0.039921,            0.095535,                   0,            0.002608,            0.002608,            0.002608
                 226,            0.034687,            0.075004,                   0,              0.9352,             0.91169,             0.94358,             0.49476,            0.039924,            0.095574,                   0,            0.002575,            0.002575,            0.002575
                 227,            0.034568,            0.075265,                   0,             0.93436,             0.91251,             0.94358,              0.4947,            0.039927,            0.095605,                   0,            0.002542,            0.002542,            0.002542
                 228,            0.034832,            0.075122,                   0,              0.9343,             0.91211,             0.94332,             0.49475,            0.039945,            0.095665,                   0,            0.002509,            0.002509,            0.002509
                 229,            0.034462,            0.075017,                   0,             0.93441,             0.91184,             0.94339,             0.49499,            0.039948,            0.095674,                   0,            0.002476,            0.002476,            0.002476
                 230,              0.0346,             0.07433,                   0,              0.9338,             0.91304,             0.94333,              0.4947,            0.039971,            0.095699,                   0,            0.002443,            0.002443,            0.002443
                 231,            0.034568,            0.074688,                   0,             0.93424,              0.9126,             0.94329,             0.49443,            0.039992,            0.095731,                   0,             0.00241,             0.00241,             0.00241
                 232,            0.034588,            0.074092,                   0,             0.93487,             0.91183,             0.94321,             0.49436,            0.039998,            0.095768,                   0,            0.002377,            0.002377,            0.002377
                 233,            0.034643,            0.073799,                   0,              0.9331,             0.91336,              0.9431,             0.49424,            0.039998,            0.095789,                   0,            0.002344,            0.002344,            0.002344
                 234,            0.034792,            0.074853,                   0,             0.93414,               0.913,             0.94342,             0.49409,            0.040004,            0.095831,                   0,            0.002311,            0.002311,            0.002311
                 235,            0.034405,            0.074312,                   0,             0.93439,             0.91309,             0.94356,             0.49402,            0.040015,            0.095871,                   0,            0.002278,            0.002278,            0.002278
                 236,            0.034496,            0.074476,                   0,             0.93431,             0.91313,             0.94325,             0.49413,            0.040025,            0.095892,                   0,            0.002245,            0.002245,            0.002245
                 237,            0.034478,            0.073925,                   0,             0.93719,             0.91082,             0.94319,             0.49408,            0.040034,            0.095945,                   0,            0.002212,            0.002212,            0.002212
                 238,            0.034472,            0.073555,                   0,             0.93672,             0.91091,             0.94309,             0.49436,            0.040033,            0.095986,                   0,            0.002179,            0.002179,            0.002179
                 239,            0.034382,            0.074583,                   0,             0.93469,              0.9122,             0.94293,             0.49416,            0.040039,            0.096024,                   0,            0.002146,            0.002146,            0.002146
                 240,            0.034542,            0.075072,                   0,             0.93434,              0.9117,             0.94264,             0.49395,            0.040037,             0.09607,                   0,            0.002113,            0.002113,            0.002113
                 241,            0.034201,            0.074408,                   0,              0.9359,             0.91077,             0.94302,              0.4941,            0.040036,            0.096133,                   0,             0.00208,             0.00208,             0.00208
                 242,            0.034149,            0.073767,                   0,             0.93647,             0.91016,             0.94256,             0.49388,            0.040037,            0.096181,                   0,            0.002047,            0.002047,            0.002047
                 243,            0.034382,            0.073321,                   0,             0.93476,             0.91094,             0.94232,             0.49387,            0.040036,             0.09622,                   0,            0.002014,            0.002014,            0.002014
                 244,            0.034507,            0.075133,                   0,             0.93656,             0.90975,             0.94251,             0.49399,            0.040039,            0.096255,                   0,            0.001981,            0.001981,            0.001981
                 245,            0.034155,            0.073779,                   0,             0.93406,             0.91255,             0.94283,             0.49405,             0.04004,            0.096295,                   0,            0.001948,            0.001948,            0.001948
                 246,            0.034097,            0.073905,                   0,             0.93473,             0.91202,             0.94288,             0.49414,             0.04004,            0.096359,                   0,            0.001915,            0.001915,            0.001915
                 247,            0.033891,            0.072583,                   0,             0.93412,             0.91277,             0.94282,              0.4942,            0.040041,            0.096405,                   0,            0.001882,            0.001882,            0.001882
                 248,            0.033936,            0.072766,                   0,             0.93687,             0.91051,             0.94285,             0.49437,            0.040042,            0.096437,                   0,            0.001849,            0.001849,            0.001849
                 249,            0.034005,            0.072385,                   0,             0.93669,             0.91055,             0.94302,             0.49423,            0.040048,            0.096489,                   0,            0.001816,            0.001816,            0.001816
